"Status","Start Time","Stop Time","Duration in ms","Parent Suite","Suite","Sub Suite","Test Class","Test Method","Name","Description"
"passed","Sun Sep 27 21:36:26 GMT+05:00 2026","Sun Sep 27 21:36:40 GMT+05:00 2026","14809","","stellarburgers.RegistrationTest","","stellarburgers.RegistrationTest","successfulRegistration","Успешная регистрация","Пользователь с корректными данными успешно регистрируется"
"passed","Sun Sep 27 21:36:15 GMT+05:00 2026","Sun Sep 27 21:36:26 GMT+05:00 2026","10226","","stellarburgers.RegistrationTest","","stellarburgers.RegistrationTest","registrationWithShortPasswordShowsError","Ошибка регистрации с коротким паролем","Пароль короче шести символов вызывает ошибку"
"passed","Sun Sep 27 21:34:37 GMT+05:00 2026","Sun Sep 27 21:34:57 GMT+05:00 2026","20076","","stellarburgers.ConstructorTest","","stellarburgers.ConstructorTest","switchToBunsSection","Переход к разделу «Булки»","Проверяем переключение с раздела соусов на булки"
"passed","Sun Sep 27 21:34:17 GMT+05:00 2026","Sun Sep 27 21:34:37 GMT+05:00 2026","20446","","stellarburgers.ConstructorTest","","stellarburgers.ConstructorTest","switchToFillingsSection","Переход к разделу «Начинки»","Проверяем переключение на раздел начинок"
"passed","Sun Sep 27 21:35:41 GMT+05:00 2026","Sun Sep 27 21:35:58 GMT+05:00 2026","16516","","stellarburgers.LoginTest","","stellarburgers.LoginTest","loginFromMainLoginButton","Вход по кнопке «Войти в аккаунт»","Проверяем вход через кнопку на главной странице"
"passed","Sun Sep 27 21:34:57 GMT+05:00 2026","Sun Sep 27 21:35:18 GMT+05:00 2026","21359","","stellarburgers.LoginTest","","stellarburgers.LoginTest","loginFromRegistrationPage","Вход через форму регистрации","Проверяем переход к входу со страницы регистрации"
"passed","Sun Sep 27 21:35:58 GMT+05:00 2026","Sun Sep 27 21:36:15 GMT+05:00 2026","17536","","stellarburgers.LoginTest","","stellarburgers.LoginTest","loginFromAccountLink","Вход через «Личный кабинет»","Проверяем вход через ссылку личного кабинета"
"passed","Sun Sep 27 21:33:57 GMT+05:00 2026","Sun Sep 27 21:34:16 GMT+05:00 2026","18944","","stellarburgers.ConstructorTest","","stellarburgers.ConstructorTest","switchToSaucesSection","Переход к разделу «Соусы»","Проверяем переключение на раздел соусов"
"passed","Sun Sep 27 21:35:18 GMT+05:00 2026","Sun Sep 27 21:35:41 GMT+05:00 2026","22779","","stellarburgers.LoginTest","","stellarburgers.LoginTest","loginFromForgotPasswordPage","Вход через форму восстановления пароля","Проверяем переход к входу со страницы восстановления пароля"
